<?xml version="1.0" encoding="UTF-8"?>
<project-private xmlns="http://www.netbeans.org/ns/project-private/1">
    <editor-bookmarks xmlns="http://www.netbeans.org/ns/editor-bookmarks/2" lastBookmarkId="0"/>
    <open-files xmlns="http://www.netbeans.org/ns/projectui-open-files/2">
        <group>
            <file>file:/C:/Users/palyi/OneDrive/Desktop/bullshitBundle/susuwerkpublic/progtech/bea1/src/bea1/Triangle.java</file>
            <file>file:/C:/Users/palyi/OneDrive/Desktop/bullshitBundle/susuwerkpublic/progtech/bea1/src/bea1/ShapeDb.java</file>
            <file>file:/C:/Users/palyi/OneDrive/Desktop/bullshitBundle/susuwerkpublic/progtech/bea1/src/bea1/Square.java</file>
            <file>file:/C:/Users/palyi/OneDrive/Desktop/bullshitBundle/susuwerkpublic/progtech/bea1/src/bea1/Circle.java</file>
            <file>file:/C:/Users/palyi/OneDrive/Desktop/bullshitBundle/susuwerkpublic/progtech/bea1/src/bea1/Hexagon.java</file>
            <file>file:/C:/Users/palyi/OneDrive/Desktop/bullshitBundle/susuwerkpublic/progtech/bea1/src/bea1/InvalidInputException.java</file>
            <file>file:/C:/Users/palyi/OneDrive/Desktop/bullshitBundle/susuwerkpublic/progtech/bea1/src/bea1/Bea1.java</file>
            <file>file:/C:/Users/palyi/OneDrive/Desktop/bullshitBundle/susuwerkpublic/progtech/bea1/src/bea1/Main.java</file>
        </group>
    </open-files>
</project-private>
